id;uuid;entity_name;entity_id;action;performed_by;performed_date;details
1;d00e0206-af77-43fc-a994-ae75e306e372;punctually;06e4bbdc-568b-4250-ac09-e04d4a2ec6d2;alongside;jealously uh-huh;2024-12-09T10:29:00;../fake-data/blob/hipster.txt
2;c09cfa22-90ac-4963-a3ae-fff5a77d782d;zowie;3bfe9060-a810-4a21-a9df-8694e8e6813d;accelerator customise;floss lavish;2024-12-09T01:30:01;../fake-data/blob/hipster.txt
3;67db1c07-cf52-49a6-9150-a69f891c30b3;deserted carefully;89b72ecc-e1e5-476a-8cdc-0d5bb0bed960;offend;meanwhile;2024-12-09T10:34:56;../fake-data/blob/hipster.txt
4;15b015c0-64f6-4ac7-9614-bd66ab9526e9;above square regularly;27259413-fe87-4a9d-8b83-f8beb5464e8d;gad times um;linear briefly amid;2024-12-08T20:57:39;../fake-data/blob/hipster.txt
5;b7b8e5cd-abbd-47a9-98c6-fe146c79f80e;uniform;ad86255f-5c08-47d1-906f-e3eabceed295;pike;object rule;2024-12-08T23:45:10;../fake-data/blob/hipster.txt
6;11d448c5-064b-44b4-9755-b5f58a8ecccb;pry flawed;d6a0c03e-c657-4bbb-ae25-92a3a6ae569c;down retract;readmit yahoo scorpion;2024-12-09T00:11:16;../fake-data/blob/hipster.txt
7;ea5ccf96-e46f-465d-9154-5592cd74770a;yet;f033872d-3a8e-4db2-9942-d6fd941b107b;amid e-mail whereas;justly onset;2024-12-09T00:41:54;../fake-data/blob/hipster.txt
8;4b7a1ef8-e4c8-48ed-b8a1-64af91ec754f;ugly across rural;ac4e2464-a94e-40de-a40e-1da0cde022ae;amid amongst whereas;within;2024-12-09T07:33:45;../fake-data/blob/hipster.txt
9;60193e06-74b7-496b-a677-8373f12f8a3b;demonstrate;2f9b3299-3ca9-46cf-af31-9d6087c4f9ca;brace godparent;subtle;2024-12-08T18:52:22;../fake-data/blob/hipster.txt
10;5fe8339e-e960-4fec-9fd9-d6a4db48408d;peppery if yuck;87806eb6-ac79-440a-be55-633d4de84f17;trial;spiffy uncomfortable besides;2024-12-08T14:09:12;../fake-data/blob/hipster.txt
