id;cin_id;validity_date;birth_date;birth_place;first_name;last_name;birth_city;father_name;nationality;nationality_code;issuing_country;issuing_country_code;mother_name;civil_register;sex;address;birth_city_code;wallet_holder;created_date
1;lest colorfully taro;2024-12-09;2024-12-09;meh;Bryana;Cormier-Ledner;underneath yippee amid;instead;within from;ah reconsideration;dwell whoa;ew ;deduct innocent;fooey after;chu;phooey yawningly pick;rev;75ebac51-ed41-44d8-84de-5757dff059ec;2024-12-08T14:48:47
2;dulcimer consequently;2024-12-08;2024-12-09;toward who;Zoila;Bernhard;mousse;behold;version peony;adaptation out;agreeable duh phew;who;ew;emphasise tragic;boo;concentration scoop respectful;kis;f87bf140-7df2-4c04-844c-838b66dca942;2024-12-09T11:36:16
3;bookend;2024-12-08;2024-12-09;besides only;Verna;Deckow;yippee at moist;sediment er;shameful;about aboard interestingly;oof;nif;justly while qua;shinny anti sedately;beh;generously;fur;a24ac0fd-6f41-4b21-84ec-b167a445832e;2024-12-08T17:24:42
4;better fall er;2024-12-09;2024-12-09;newsprint drive legal;Roel;Emard;or delightfully;though frightfully;drat zowie yum;catalyze yet sunbeam;shyly lest whether;swi;meaningfully ick;carouse velvety;ell;geez purple quiet;alo;b4cd5f9d-a2a6-4f2e-a3a8-4e842d2ebdb4;2024-12-09T06:00:42
5;yahoo hexagon mindless;2024-12-09;2024-12-09;outside um bah;Olin;Ryan;commonly;er chap;schedule;overburden;pfft pro psst;ugh;editor impossible;weary adjourn;now;regarding;pro;2297d505-e1a4-406f-a5ab-cd46da52dc51;2024-12-08T15:28:57
6;digitize down loosely;2024-12-09;2024-12-09;whoa;Dangelo;Weimann;however;trolley readily;slink laughter bookcase;simple mmm stratify;interchange trim bah;fro;except atop deliberately;accessorise cripple ouch;eke;casket signature adjourn;imp;56c0b5aa-667c-4fbb-8ec2-7226c36c80b2;2024-12-09T12:18:28
7;subtle brand following;2024-12-08;2024-12-09;piglet bowling tightly;Jolie;Kris;understanding hmph gah;peaceful obediently;toward;delightfully inwardly upliftingly;boo optimistically generally;leg;commemorate beneath;tightly hmph crushing;who;powerfully the reword;cru;95121819-8ea3-4e30-935f-40edd823c363;2024-12-08T14:19:43
8;low after know;2024-12-08;2024-12-09;upliftingly until mom;Alexandra;Wisoky;deliberately granny;glaring;instead;yet;triumphantly;ent;zowie strait fashion;yippee;irk;masterpiece pneumonia;boo;e1c6df89-6af1-4d8a-bf0f-d04c38b9f993;2024-12-08T22:15:28
9;mould colorful;2024-12-08;2024-12-09;psst archive healthily;Estrella;Kutch;hmph;reconsideration;important;while sniff;serpentine;min;yuck gratefully defiantly;excitedly phew;til;fatherly uproot by;ack;35cca580-1158-4e6f-bdeb-d6619954410d;2024-12-08T15:50:03
10;besides which;2024-12-08;2024-12-09;aged alert phooey;Deanna;Graham;upsell;necessary;loosely;until federate;lest earnest defiantly;ack;adventurously;pigsty;wor;posh;tri;4ae11114-7acb-483d-ad1d-378ae58d8ce2;2024-12-08T18:17:46
