id;uuid;name;file;file_content_type;wallet_holder;created_by;created_date;last_modified_by;last_modified_date
1;42125a5f-36fc-44bb-8806-3421ca98abc4;absent;../fake-data/blob/hipster.png;image/png;67101e37-a3a5-4fdb-8d27-f4d85710358d;stigmatize down;2024-12-08T13:45:31;aha;2024-12-09T07:16:19
2;a041dd97-dfda-4d19-a675-f33eccfd9137;statue splash yet;../fake-data/blob/hipster.png;image/png;1ceb3cfc-beca-4173-b4c5-1d9b125606d6;worth swift any;2024-12-09T10:46:57;inside;2024-12-09T06:16:16
3;31478841-fb8a-4cf0-9567-9679fc1776d0;uh-huh;../fake-data/blob/hipster.png;image/png;fbea949d-c3b3-44ee-ab8b-779f0cd84663;orderly blah expense;2024-12-08T15:04:15;napkin;2024-12-09T11:47:30
4;eb910575-afbb-462a-bede-f5855aff5dc0;cleaner;../fake-data/blob/hipster.png;image/png;b4331e89-8d3b-49e6-81fd-8a899c230ec2;catch innocently;2024-12-09T00:24:50;beneath;2024-12-09T07:54:45
5;012aabfd-91ea-4bd1-bb90-3ee47f5bf975;object male;../fake-data/blob/hipster.png;image/png;094d5602-6fc4-47e9-881d-b472817168a7;harmful within aha;2024-12-09T05:15:04;writhing;2024-12-08T13:22:05
6;3f571a32-9c8b-41d0-8978-df5ae797b230;pasta between;../fake-data/blob/hipster.png;image/png;7cda6843-d1cd-41d1-924a-d3fba7605450;severe phew couch;2024-12-08T21:19:24;rally tenderly;2024-12-09T03:10:23
7;5e764638-2fbf-4cbb-8455-cc3d1493f35e;ashamed;../fake-data/blob/hipster.png;image/png;ab72e284-aa26-49a6-850f-c6cab3e7d4b6;woot yahoo since;2024-12-09T04:48:43;correctly quicker;2024-12-08T14:23:37
8;5e8070b9-f405-41ac-9611-bcbf544b9519;stale;../fake-data/blob/hipster.png;image/png;fbe4c7fd-6407-49bd-9f30-bd9dace1226f;fly nab that;2024-12-09T07:44:56;strictly more;2024-12-09T08:01:10
9;31d64feb-61eb-4011-8873-b9d8b3278d6d;submissive oof partially;../fake-data/blob/hipster.png;image/png;838b0829-645d-4223-93e8-e66644ff33bd;smuggle;2024-12-09T05:53:10;space oof;2024-12-09T02:24:17
10;1eedaba8-b8bc-4d2a-8f2b-f2472e210232;drat;../fake-data/blob/hipster.png;image/png;91efceb7-1165-45e1-8d9d-a38c769dbbac;phew vista kissingly;2024-12-09T01:31:05;grave down;2024-12-09T01:57:01
