id;uuid;wallet_holder;heading;status;content;data;language;created_date
1;4bb6b304-12ef-4f09-b324-7f91e7891016;4caa8b25-c8b1-4129-b61f-db6be8b2248a;powerfully cloudy knavishly;PENDING;uh-huh;defendant;ma;2024-12-08T14:00:16
2;381bf4fa-e64f-46f3-8f08-804f87536169;71e1b675-703d-4003-9cfa-ae98165ef44c;cautiously instead;FAILED;till;going whereas what;ab;2024-12-08T21:19:17
3;ebcd45b7-e2cf-4a6c-b3e6-9e0382dd11a9;34b561de-e559-4c77-9830-7bd3becfeba1;trained vice likely;REQUESTED;forgery founder;haircut;yi;2024-12-08T22:51:52
4;c64501ef-5788-47e5-873e-2026da1524c9;58c3fdc9-bc9d-479f-bde4-2df85024e090;suitcase strange;PENDING;gah;off gratefully capsize;di;2024-12-09T08:47:30
5;c32df6bd-3714-4595-884e-c1cae7cd976c;449d1587-6d4f-4a3f-b5cd-5bdf3a97e1f7;filthy;PENDING;beyond;yippee patroller;si;2024-12-09T02:45:39
6;0625cd2f-9f47-41e5-b161-4189c2ca73ae;90789384-ae60-47a6-9fa6-77b96e3bdf28;westernise;REQUESTED;father extension however;whether;se;2024-12-08T20:00:22
7;1f56f856-e304-45a4-8251-fd769273dbde;ac321eeb-7641-4a1a-8413-6fc3a818930f;fondly;FAILED;hmph spherical worldly;diagram;pa;2024-12-09T10:35:44
8;8a466f6e-019b-46b8-9ee4-feb63126fef9;94f6f43d-8531-4b36-ae06-a0714221f40a;er;PENDING;who;hoarse;en;2024-12-08T17:24:15
9;4c4d1c11-2819-4083-b75b-0a162aa89688;4cccd0e8-f774-4861-bff3-cc2801a4fc3d;phooey per;REQUESTED;boo um;colorfully politely;gr;2024-12-09T10:20:19
10;e45e2b79-5d6f-4145-b5f9-ebd844c4bd3d;beb4c2ab-7cd7-42c3-ad36-22eaa56cb5c7;snuggle but;REQUESTED;shirk wherever happy-go-lucky;mechanically ouch below;ac;2024-12-08T20:22:11
