id;name;type;parent;location;headcount;created_by;created_date
1;because whenever flight;NONPROFIT;brr experience frivolous;thin;15259;bravely absent truthfully;2024-12-08T18:43:44
2;jot;CORPORATION;easily;during although yowza;18167;perp provision;2024-12-08T20:04:32
3;since;GOVERNMENT;exasperation what silt;um revoke eek;10124;integer uncork;2024-12-09T08:02:11
4;instead convoke;CORPORATION;marten;instead;7832;bob sedately which;2024-12-08T23:38:25
5;likewise loose disadvantage;NONPROFIT;wherever since ha;per above merrily;26574;sympathetically forearm meadow;2024-12-09T07:14:28
6;till championship whose;UNIVERSITY;presume conservative;well-worn as;1633;helpfully;2024-12-08T20:46:27
7;gee strictly that;OTHER;blah dampen frilly;huzzah gee;22121;procrastinate cricket phew;2024-12-08T19:58:59
8;under like;GOVERNMENT;woot availability round;worthwhile suffocate highlight;17581;vain whenever;2024-12-08T14:59:48
9;round whine;CORPORATION;baseboard tough;lest;9160;pace and until;2024-12-08T21:21:08
10;drat steeple whether;GOVERNMENT;round;outbid yippee what;28392;subtract;2024-12-09T01:23:05
