id;partner;api;method;request_headers;request_body;request_time;response_status_code;response_headers;response_body;response_time;correlation_id;query_param
1;CMI;finally via edge;PUT;../fake-data/blob/hipster.txt;../fake-data/blob/hipster.txt;2024-12-09T00:29:02;820;../fake-data/blob/hipster.txt;../fake-data/blob/hipster.txt;2024-12-09T06:06:15;over;distinction customise
2;CMI;cap following;POST;../fake-data/blob/hipster.txt;../fake-data/blob/hipster.txt;2024-12-09T09:58:26;520;../fake-data/blob/hipster.txt;../fake-data/blob/hipster.txt;2024-12-08T19:12:06;preside like wherever;swiftly
3;CIH;inside intrepid;PUT;../fake-data/blob/hipster.txt;../fake-data/blob/hipster.txt;2024-12-08T23:56:17;992;../fake-data/blob/hipster.txt;../fake-data/blob/hipster.txt;2024-12-09T01:51:14;jubilantly voluntarily;overload
4;WAFR;mmm;PUT;../fake-data/blob/hipster.txt;../fake-data/blob/hipster.txt;2024-12-08T18:53:43;35;../fake-data/blob/hipster.txt;../fake-data/blob/hipster.txt;2024-12-09T08:17:09;lest conservative;miscalculate
5;WAFR;stealthily;PATCH;../fake-data/blob/hipster.txt;../fake-data/blob/hipster.txt;2024-12-09T05:22:13;537;../fake-data/blob/hipster.txt;../fake-data/blob/hipster.txt;2024-12-08T16:14:03;fat ignite;solidly sweetly nab
6;WAFR;limply after;PATCH;../fake-data/blob/hipster.txt;../fake-data/blob/hipster.txt;2024-12-09T05:23:04;941;../fake-data/blob/hipster.txt;../fake-data/blob/hipster.txt;2024-12-09T07:00:51;obedient yowza;upright that
7;CIH;since;PUT;../fake-data/blob/hipster.txt;../fake-data/blob/hipster.txt;2024-12-09T01:01:00;443;../fake-data/blob/hipster.txt;../fake-data/blob/hipster.txt;2024-12-09T11:31:39;modulo courteous;forenenst shirk phooey
8;CMI;illiterate;GET;../fake-data/blob/hipster.txt;../fake-data/blob/hipster.txt;2024-12-09T12:21:41;786;../fake-data/blob/hipster.txt;../fake-data/blob/hipster.txt;2024-12-09T06:44:33;where at appropriate;apropos abnormally wound
9;CIH;restfully ethical;POST;../fake-data/blob/hipster.txt;../fake-data/blob/hipster.txt;2024-12-08T15:56:40;301;../fake-data/blob/hipster.txt;../fake-data/blob/hipster.txt;2024-12-08T19:45:25;apropos youthfully;object wallaby roughly
10;WAFR;taxicab;POST;../fake-data/blob/hipster.txt;../fake-data/blob/hipster.txt;2024-12-08T13:11:20;24;../fake-data/blob/hipster.txt;../fake-data/blob/hipster.txt;2024-12-09T09:53:40;decongestant epic;finally proselytise colorful
