id;login;ip_address;device;created_date
1;than;boo;74d3e43f-3355-4dd2-aefb-6219337c2b28;2024-12-08T16:50:28
2;alongside;spiffy twin;52ce24ec-153e-4343-ac06-1b49c15b7394;2024-12-09T01:55:00
3;minus hubris questionably;farm oh;ba12d481-ea42-484a-9509-5c8f98983b9d;2024-12-09T05:37:19
4;tenderly broadly during;overheard fooey before;a688bc9b-6f6b-48cd-a927-fdf00d669e71;2024-12-09T09:04:45
5;partially well yahoo;um hollow hype;efaeca6d-632b-4793-8124-9eed39e08127;2024-12-08T22:26:23
6;nephew commandeer too;incidentally underneath;53809055-f547-47b7-b51f-0a1578149497;2024-12-09T08:06:02
7;madly;dissemble urgently;e95f38e8-5c23-4768-86a5-e126fd1cdba3;2024-12-08T14:00:21
8;equate;delicious finally triumphantly;9d42ec5a-7cce-45e8-950b-fbdf07699492;2024-12-09T01:14:52
9;ick scheme;oh aw mid;18ccc554-542e-4f73-94c2-7931ae1fca29;2024-12-09T08:28:50
10;swath;slake gleefully;926727b7-d359-43b9-b779-c86eac9fd95d;2024-12-08T20:07:48
